{"cameraMode":{"drawMode":0,"name":"Shaded","section":"Shading Mode"},"sceneLighting":false,"audioPlay":false,"sceneViewState":{"showFog":true,"showMaterialUpdate":false,"showSkybox":true,"showFlares":true,"showImageEffects":true,"showParticleSystems":true},"in2DMode":false,"pivot":{"x":773.3427734375,"y":349.21502685546877,"z":-1632.3072509765625},"rotation":{"x":-0.09293434023857117,"y":0.21888653934001923,"z":-0.020947232842445375,"w":-0.971088707447052},"size":33.9755973815918,"orthographic":false}